# Verified stock disassembly; regenerate with tools/sonic_disassembly.py
000200,ErrorTrap,
000206,EntryPoint,
000238,SkipSecurity,
000242,Init_VDPRegs,
000254,WaitForZ80,
00025A,Init_SoundRAM,
000266,Init_ClearRAM,
000272,Init_ClearCRAM,
000274,zGetNextNote,
00027C,Init_ClearVSRAM,
000282,zGetNextNote_cont,
000284,Init_InputPSG,
000296,Init_SkipPowerOn,
000304,PSGInitValues_End,Test_CountryCode / zGotNoteDuration
00030A,CheckVDP,
000330,CheckCountry,
000358,zKeyOffIfActive,
00037A,WriteCharSet,
00037E,WriteChar,
00038A,WritePix,
000392,NextPix,
000396,WritePixRow,
0003B4,CheckID,
0003BE,CheckMsg,
0003C6,zDoModulation,
0003E4,PrintMsg,
0003F4,NoPrint,
0003F8,NextID,
0003FC,CheckIDDone,
000408,TrapCheckVDP,
00040A,WriteString,
000422,zDoModEnvelope_cont,
00042C,ws01,
00043E,ws99,
00069A,EndCheckVDP,Test_Checksum
0006E4,zPlaySound_NotCont,
000706,Test_Checksum_Done,
000734,GameLoop,
000798,JumpToSegaScreen,
0007A0,ChecksumError2,
0007A8,ChecksumError2_Loop,
0007BC,ChecksumError,
0007C8,zSFXChannelData,
0007D4,ChecksumError_Loop,
0007D6,DetectPAL,
0007E8,zPauseUnpause,
000802,VInt,
000852,zHaltDACPSG,
00085A,VInt_Done,
000862,zDoMusicFadeOut,
000884,VInt_0,
000886,VInt_0_Main,
0008CA,VInt_0_Level,
00092C,VInt_0_FullyUnderwater,
000950,VInt_0_Water_Cont,
000964,VInt_0_NoWater,
000972,zPauseAudio,
000A02,VInt_0_Done,
000A12,VInt_2,
000A4E,VInt_14,
000A84,VInt_4,
000A88,zPSGFrequencies,
000AA4,VInt_6,
000AAA,VInt_10,
000AB4,VInt_8,
000B30,zFMFrequencies,
000B48,z80_MusicBanks,
000B84,zUpdateDACTrack_cont,
000BD2,zHandleCoordFlag,
000BF0,Do_Updates,
000C0E,VInt_A_C,
000C9C,zSendTL,
000D24,VInt_E,
000D30,VInt_12,
000D3C,VInt_18,zSetVoiceUpload
000DFA,zStopCleanExit,
000DFC,VInt_16,
000E56,cfJumpToGosub,
000E70,cfJumpReturn,
000EA0,VInt_1A,
000EAE,VInt_1C,
000EB2,cfToggleAltFreqMode,
000ECC,VInt_1E,
000EDE,Do_ControllerPal,
000F1A,cfHaltSound,
000F9C,zUpdatePSGTrack,
000F9E,JmpTo_HInt,
000FA2,HInt,
001012,zDoVolEnv,
001068,HInt_Done,
00106A,HInt3,
0010E8,HInt3_Done,
0010EA,HInt3_Do_Updates,
0010EE,DecTable,
0010FE,HInt5,zPlaySEGAPCM
00117C,HInt5_Done,
00117E,HInt5_Do_Updates,
001192,HInt4,
00120E,Hint4_Done,
001210,HInt4_Do_Updates,
001224,HInt_6,
0012A0,HInt6_Done,
0012A2,HInt6_Do_Updates,
0012B6,HInt2,
001300,z80_SoundDriverPointers,
00130E,z80_ModEnvPointers,
00132C,HInt2_Done,
00132E,HInt2_Do_Updates,
001340,sndDriverInput,
001342,Init_Controllers,
001372,Poll_Controllers,
001380,Poll_Controller,
0013AE,Init_VDP,
00145E,Clear_DisplayData,
0014D4,Clear_DisplayData_No2P,
001530,Clear_DisplayData_Cont,
001562,SndDrvInit,
0015E2,Z80_DefaultVariables_end,Play_Music
001604,Play_SFX_Local,
00160A,Play_SFX,
00161A,z80_MusicPointers,
00164A,Play_SFX_Done,
00164C,Change_Music_Tempo,
00166E,Pause_Game,
00167E,z80_SFXPointers,
0016B6,Pause_Loop,
0016D8,Pause_ChkFrameAdvance,
0016E8,Pause_NoSlowMo,
00170E,Pause_ChkStart,
00171C,Pause_ResumeMusic,
00173E,Pause_Unpause,
001744,Pause_NoPause,
001746,Pause_FrameAdvance,
001770,Plane_Map_To_VRAM,
001790,Plane_Map_To_VRAM_2,
0017B0,Add_To_DMA_Queue,
001810,Add_To_DMA_Queue_Done,
001812,Process_DMA_Queue,
001844,Nem_Decomp,
001856,Nem_Decomp_To_RAM,
001860,Nem_Decomp_Main,
00188E,Nem_Process_Compressed_Data,
0018C4,Nem_PCD_GetRepeatCount,
0018C6,Nem_PCD_WritePixel,
0018D0,Nem_PCD_NewRow,
0018D4,Nem_PCD_WritePixel_Loop,
0018DA,Nem_PCD_InlineData,
001906,Nem_PCD_WriteRowToVDP,
001910,Nem_PCD_WriteRowToVDP_XOR,
00191C,Nem_PCD_WriteRowToRAM,
001926,Nem_PCD_WriteRowToRAM_XOR,
001932,Nem_Build_Code_Table,
001934,Nem_BCT_ChkEnd,
00193C,Nem_BCT_NewPalIndex,
00193E,Nem_BCT_Loop,
00196C,Nem_BCT_ShortCode,
001978,Nem_BCT_ShortCode_Loop,
001984,Load_PLC,
0019B6,Load_PLC_Raw,
0019D0,Load_PLC_2,
0019FC,Clear_Nem_Queue,
001A0A,Process_Nem_Queue_Init,
001A62,Process_Nem_Queue,
001A7E,Process_Nem_Queue_2,
001A96,Process_Nem_Queue_Main,
001ACA,Process_Nem_Queue_Loop,
001AFA,Process_Nem_Queue_Done,
001AFC,Process_Nem_Queue_ShiftUp,
001B1E,Load_PLC_Immediate,
001B3E,Eni_Decomp,
001B5E,Eni_Decomp_Loop,
001B88,Eni_Decomp_00,
001B92,Eni_Decomp_01,
001B9A,Eni_Decomp_100,
001BA6,Eni_Decomp_101,
001BB4,Eni_Decomp_110,
001BC2,Eni_Decomp_111,
001BD4,Eni_Decomp_Index,
001BE4,Eni_Decomp_Done,
001BFC,Eni_Decomp_FetchInlineValue,
001C02,zPalFlag,
001C04,zPalDblUpdCounter,
001C06,zSoundQueue1,
001C08,zTempoSpeedup,
001C0A,zMusicNumber,
001C0E,zFadeDelay,
001C10,zPauseFlag,
001C12,zFM3Settings,
001C16,zFadeToPrevFlag,
001C18,unk_1C18,
001C24,zCurrentTempo,
001C26,zContinuousSFXFlag,
001C2A,zVoiceTblPtrSave,
001C2C,zCurrentTempoSave,
001C2E,zTempoSpeedupSave,
001C30,zDACIndex,
001C32,zSFXSaveIndex,
001C3E,zSongBank,
001C40,zTracksStart,
001CAC,Eni_Decomp_FetchByte,
001CBC,Kos_Decomp,
001CC8,Kos_Decomp_Loop,
001CDA,Kos_Decomp_ChkBit,
001CE2,Kos_Decomp_Match,
001CF6,Kos_Decomp_ChkBit2,
001D26,Kos_Decomp_FullMatch,
001D3C,Kos_Decomp_MatchLoop,
001D48,Kos_Decomp_FullMatch2,
001D58,Kos_Decomp_Done,
001D5C,Queue_Kos_Module,
001D74,Process_Kos_Module_Queue_Init,
001DB2,Process_Kos_Module_Queue,
001DF0,zTracksEnd,zTracksSFXStart / zTracksSaveStart
001E62,Queue_Kos,
001E7A,Set_Kos_Bookmark,
001EA4,Process_Kos_Queue,
001EB0,Process_Kos_Queue_Main,
001ECC,Process_Kos_Queue_Loop,
001EDE,Process_Kos_Queue_ChkBit,
001EE6,Process_Kos_Queue_RLE,
001EFA,Process_Kos_Queue_ChkBit2,
001F2A,Process_Kos_Queue_SeparateRLE,
001F40,Process_Kos_Queue_RLELoop,zTracksSFXEnd
001F4C,Process_Kos_Queue_SeparateRLE2,
001F5C,Process_Kos_Queue_EndReached,
001F84,Process_Kos_Queue_Done,
001F86,Restore_Kos_Bookmark,
001F96,Backup_Kos_Registers,
001FA0,zTracksSaveEnd,zTempVariablesEnd
001FA2,Wait_VSync,
001FAE,Random_Number,
001FD4,GetSineCosine,
00226C,GetArcTan,
0022BE,GetArcTan_Zero,
0023CA,AnPal_Load,
002444,AnPal_None,
002446,AnPal_AIZ1,
002504,AnPal_AIZ2,
0025BC,AnPal_HCZ1,
00260A,AnPal_HCZ2,
00260C,AnPal_CNZ,
0026C8,AnPal_FBZ,
0026CA,AnPal_ICZ,
002784,AnPal_LBZ1,
00278C,AnPal_LBZ2,
0027C2,AnPal_LRZ1,
00281A,AnPal_LRZ2,
00281C,AnPal_BPZ,
002886,AnPal_CGZ,
0028BC,AnPal_EMZ,
0030F6,SuperSonic_PalCycle,
003132,SuperSonic_PalCycle_SonicApply,
00315E,SuperSonic_PalCycle_ApplyUnderwater,
00316C,SuperSonic_PalCycle_Revert,
003196,SuperSonic_PalCycle_Normal,
003276,Pal_FadeFromBlack,
00329A,Pal_FromBlack,
0032DA,Pal_AddColor,
003306,Pal_FillBlack,
00332A,Animate_Palette,
00333E,Pal_FadeToBlack,
00335E,Pal_ToBlack,
00338C,Pal_DecColor,
0033BC,Pal_FadeFromWhite,
0033F6,Pal_FromWhite,
003436,Pal_DecColor2,
003466,Pal_FadeToWhite,
003486,Pal_ToWhite,
0034B4,Pal_AddColor2,
0034F4,LoadPalette,
003510,LoadPalette_Immediate,
003528,LoadPalette2,
003544,LoadPalette2_Immediate,
003560,Sega_Screen,
003568,Title_Screen,
0036D8,Wait_Sega,
00375E,Wait_Title,
0039F4,TitleAnim_FlipBuffer,
003A76,Iterate_TitleSonicFrame,
003B0C,TitleSonic_LoadFrame,
003F08,Obj_TitleBanner,
003F48,Obj_TitleBanner_Main,
003FAC,Obj_TitleBanner_Display,
003FF4,Obj_TitleTM,
00402C,Obj_TitleTM_Display,
004032,OldDebugCode,
00407A,Obj_TitleCopyright,
0040B2,Obj_TitleCopyright_Display,
0040B8,Obj_TitleSelection,
0040E4,Obj_TitleSelection_Main,
004140,Obj_TitleSonicFinger,
004172,Obj_TitleSonicFinger_Display,
0041A4,Obj_TitleSonicWink,
0041D6,Obj_TitleSonicWink_Display,
0041F6,Obj_TitleTailsPlane,
004228,Obj_TitleTailsPlane_Main,
004288,S3_Level_Select_Code,
0046B0,Level,
004B0C,LevelLoop,
004B94,DemoMode,
004D98,LevelLoad_ActiveCharacter,
004DB6,SpawnLevelMainSprites,
004EC8,SpawnLevelMainSprites_SpawnPowerup,
004F66,SpawnLevelMainSprites_SpawnPlayers,
0050B2,Obj_ResetCollisionResponseList,
0050BA,UpdateWaterSurface,
0050DE,Handle_Onscreen_Water_Height,
005216,DynamicWaterHeight,
005286,DynamicWaterHeight_AIZ1,
005288,DynamicWaterHeight_AIZ2,
005308,Obj_5308,
00531C,DynamicWaterHeight_HCZ1,
005334,DynamicWaterHeight_HCZ2,
00534C,DynamicWaterHeight_Null,
00534E,DynamicWaterHeight_LBZ1,
00536A,DynamicWaterHeight_Null2,
00536C,DynamicWaterHeight_Ending,
0053E0,HCZ_WaterTunnels,
00584A,GetDemoPtr,
005874,Demo_PlayRecord,
0058C8,LoadSolids,
0058F4,OscillateNumInit,
005900,Osc_Loop,
00594A,OscillateNumDo,
00599E,OscillateNumDo_Return,
0059E0,ChangeRingFrame,
005E20,LoadLevelLoadBlock,
005EA0,CheckLevelForWater,
005F42,LoadWaterPalette,
006146,LevelSelect_S2Options,
00631C,LevelSelect2P_Main,
006358,LevelSelect2P_PressStart,
0063DE,LevelSelect2P_Controls,
006402,Update2PLevSelSelection,
006482,Chk2PZoneCompletion,
00649C,ClearOld2PLevSelSelection,
00653E,MenuScreenTextToRAM,
00654C,MenuScreen_Options,
0065E0,OptionScreen_Main,
00661C,OptionScreen_Select,
006640,OptionScreen_Select_Not1P,
006662,OptionScreen_Select_Other,
00666A,OptionScreen_Controls,
00670C,OptionScreen_DrawSelected,
00677E,OptionScreen_DrawUnselected,
0067EE,OptionScreen_SelectTextPtr,
00681C,OptionScreen_HexDumpSoundTest,
00687C,MenuScreen_LevelSelect,
0069C2,LevelSelect_Main,
006A08,LevelSelect_PressStart,
006A36,LevelSelect_SpecialStage,
006AC8,LevelSelect_Return,
006AD0,LevelSelect_StartZone,
006B4A,LevSelControls,
006B90,LevSelControls_CheckLR,
006C04,LevSelControls_SwitchSide,
006C3C,LevelSelect_PickCharacterNumber,
006C72,LevelSelect_MarkFields,
006D12,LevelSelect_DrawCharacterNumber,
006D32,LevelSelect_DrawSoundNumber,
006D40,LevelSelect_DrawContinued,
006D60,LevelSelect_DrawIcon,
006E64,CheckCheats,
0074B6,SpecialStage,
007896,Rotate_SSPal,
0078DC,Update_SSMap,
007BD6,Draw_SSNum,
007CD4,AllocateObjectAfterCurrent_SpecialStage,
007D70,Obj_SStage_7D70,
007DB8,Obj_SStage_7DB8,
007F1C,Obj_SStage_7F1C,
008148,Obj_SStage_8148,
0082EE,Obj_SStage_82EE,
008380,Obj_SStage_8380,
0083E4,Obj_SStage_83E4,
008770,Draw_SSSprites,
008974,Draw_SSSprite_Normal,
008998,Draw_SSSprite_FlyAway,
008BDA,Animate_SSRings,
008C06,Find_SStageCollisionResponseSlot,
008C1A,Touch_SSSprites,
008C40,Touch_SSSprites_Ring,
008C70,Touch_SSSprites_BlueSphere,
008CC4,Decrement_BlueSphere_Count,
008CF8,Sphere_To_Rings,
008D0E,Blue_To_Ring_Next_Ring_B,
008D1A,Blue_To_Ring_Next_Direction_B,
008D34,Blue_To_Ring_Continue_B,
008D46,Blue_To_Ring_Next_Ring_R,
008D52,Blue_To_Ring_Next_Direction_R,
008D64,Blue_To_Ring_Continue_R,
008D78,Find_Red_Sphere_Loop,
008D88,Red_Loop_Check_Neighbors,
008DB2,Red_Loop_Count_Horizontal_Left,
008DC0,Red_Loop_Count_Horizontal_Right,
008DD8,Red_Loop_Count_Vertically_Up,
008DE6,Red_Loop_Count_Vertically_Down,
008E0E,Red_Loop_Find_Next,
008E48,Red_Loop_Push_Stack,
008E68,Red_Loop_Decrement,
008E6E,Red_Loop_Pop_Stack,
008E8C,Red_Loop_Processes_Loop,
008E9C,Red_Loop_Walk_Forward,
008EAA,Red_Loop_Blue_Check,
008EC8,Red_Loop_Blue_To_Ring,
008ED4,Red_Loop_Return_To_DFS,
008EF6,Load_SSSprite_Mappings,
009038,GetScalars2,
009530,Competition_Menu,
0097AC,Obj_Competition_97AC,
0097D0,Obj_Competition_97D0,
0099FC,Competition_LevelSelect,
009D8E,Obj_Competition_ZoneSelect,
00A164,Competition_PlayerSelect,
00A38C,Obj_Competition_StaticSprite,
00A39E,Obj_Competition_2PSelect,
00A3C2,Obj_Competition_1PSelect,
00A4E4,Obj_CompetitionPlayerSprite2P,
00A4EC,Obj_CompetitionPlayerSprite,
00A53C,Obj_Competition_PRESSSTART,
00A994,Competition_Results,
00ABE6,Obj_Competition_ABE6,
00AC0A,Obj_Competition_AC0A,
00AF20,TimeAttack_Records,
00B20C,Obj_Competition_B20C,
00B4EE,KosArt_To_VDP,
00B570,Copy_Listed_Data_To_VRAM,
00B5F4,Set_Lives_and_Continues,
00B63C,SRAM_Load,
00B734,Get_From_SRAM,
00B746,Read_SRAM,
00B764,Create_SRAMChecksum,
00B778,Write_SRAM,
00B7A0,Write_SaveGeneral,
00B7BE,Write_SaveGame,
00B7DC,SaveGame,
00B818,SaveGame_SpecialStage,
00B85C,SaveScreen,
00BA88,SaveScreen_MainLoop,
00C068,Obj_SaveScreen_Selector,
00C1BE,Obj_SaveScreen_NoSave_Slot,
00C24C,Obj_SaveScreen_Save_Slot,
00C2B0,Load_Level_Icons,
00C49A,Set_ChildSprites,
00C508,Obj_SaveScreen_Emeralds,
00C56C,Obj_SaveScreen_Delete_Save,
00C576,SaveScreen_Delete_Save_Index,
00C746,Load_Icon_Art,
00E8C0,Render_HUD_P1,
00E8C8,Render_HUD,
00E930,Render_HUD_P2,
00EA46,HUD_AddToScore,
00EA82,UpdateHUD,
00EB4A,UpdateHUD_TimeOver,
00EBFC,HUD_DrawZeroRings,
00EC10,HUD_DrawInitial,
00EC70,HUD_Debug,
00ECC8,DrawThreeDigitNumber,
00ECD2,DrawSixDigitNumber,
00EDA0,DrawSingleDigitNumber,
00EDAA,DrawTwoDigitNumber,
00EE66,HUD_Lives,
00F5F2,Load_Rings,
00F6C6,Test_Ring_Collisions,
00F70C,Test_Ring_Collisions_NoAttraction,
00F730,Test_Ring_Collisions_NextRing,
00F796,Test_Ring_Collisions_AttractRing,
00F816,Render_Rings,
00F8BE,S2_SpecialCNZBumpers,
00F8D0,SpecialCNZBumpers_Init,
00F924,SpecialCNZBumpers_Main,
00F9CA,Check_CNZ_Bumpers,
00FA10,CNZ_Bumper_Loop,
00FA70,CNZ_Bumper_Next,
00FFA4,Player_AnglePos,
0100C2,Player_Angle,
010102,Player_WalkVertR,
0101D0,Player_WalkCeiling,
01027E,Player_WalkVertL,
01032C,Find_Tile_BG,
010366,Find_Tile_FG,
0105A0,FindFloor,
010712,Ring_FindFloor,
0107E8,FindWall,
01097E,ConvertCollisionArray,
010A8A,CalcRoomOverHead,
010ACA,Sonic_CheckFloor,
010B56,CheckFloorDist,
010B5E,CheckFloorDist_Part2,
010BF0,ChkFloorEdge,
010BF4,ChkFloorEdge_Part2,
010C02,ChkFloorEdge_Part3,
010C46,SonicOnObjHitFloor,
010C94,ObjCheckFloorDist,
010C98,ObjCheckFloorDist2,
010CCA,FireCheckFloorDist,
010CF0,RingCheckFloorDist,
010D16,CheckRightCeilingDist,
010DD6,CheckRightWallDist,
010E20,ObjCheckRightWallDist,
010E4E,Sonic_CheckCeiling,
010F22,CheckCeilingDist,
010F2A,CheckCeilingDist_Part2,
010F4A,CheckCeilingDist_WithRadius,
010F6E,ObjCheckCeilingDist,
010FA6,CheckLeftCeilingDist,
011076,CheckLeftWallDist,
011118,ObjCheckLeftWallDist,
01111C,ObjCheckLeftWallDist_Part2,
011148,TouchResponse_CompetitionMode,
011168,TouchResponse,
0111C4,Touch_NoInstaShield,
0111E0,Touch_Process,
0111E8,Touch_Loop,
0111F0,Touch_NextObj,
0111F8,Touch_Width,
01121C,Touch_Height,
0112A0,Touch_ChkValue,
0112E6,Touch_Monitor,
011336,Touch_Enemy,
0113B8,Touch_EnemyNormal,
011442,Touch_ChkHurt,
01145A,Touch_ChkHurt2,
011462,Touch_ChkHurt_Return,
011466,Touch_ChkHurt_NoPowerUp,
01146E,Touch_ChkHurt_HaveShield,
0114AE,Touch_Hurt,
0114B8,HurtCharacter,
011562,Kill_Character,
0115AC,Touch_Special,
0115FE,Add_SpriteToCollisionResponseList,
011610,ShieldTouchResponse,
01163A,ShieldTouch_Loop,
01164A,ShieldTouch_NextObj,
011650,ShieldTouch_Width,
011680,ShieldTouch_Height,
0116DC,Obj_Sonic2P,
011BB8,Obj_Sonic,
011BFC,JmpTo_DebugMode,
011C02,Sonic_Normal,
011C1E,Sonic_Init,
011CA8,Sonic_Init_Continued,
011CDE,Sonic_Control,
011DA2,Sonic_Display,
011DB6,Sonic_ChkInvin,
011DEC,Sonic_RmvInvin,
011DF2,Sonic_ChkShoes,
011E4A,Sonic_ExitChk,
011E4C,Sonic_ChkShoesCompetition,
011E70,Sonic_RecordPos,
011EA6,Sonic_RecordPosCompetition,
011EC6,Sonic_RecordPosCompetitionP2,
011EE0,Reset_Player_Position_Array,
011F0A,Reset_Player_Position_ArrayP2,
011F2C,Sonic_Water,
011F34,Sonic_InWater,
011FAC,Sonic_OutWater,
012032,Sonic_MdNormal,
01207E,Sonic_MdAir,
0120A8,Sonic_MdRoll,
0120F2,Sonic_MdJump,
01211C,Sonic_Move,
012142,Sonic_NotLeft,
01214E,Sonic_NotRight,
0121B2,SuperSonic_Balance,
0121C4,Sonic_BalanceOnObjRight,
012202,Sonic_BalanceOnObjLeft,
012240,Sonic_Balance,
012592,Sonic_RollSpeed,
0126BE,Sonic_ChgJumpDir,
012712,Sonic_Jump_ResetScr,
01271E,Sonic_JumpPeakDecelerate,
012740,Sonic_JumpPeakDecelerateLeft,
01274E,Player_LevelBound,
012776,Player_Boundary_CheckBottom,
01278C,Player_Boundary_Bottom,
012792,Player_Boundary_Sides,
0127AA,Sonic_Roll,
0127D2,Player_ChkRoll,
0127DC,Player_DoRoll,
012810,Sonic_Jump,
0128D2,Sonic_RollJump,
0128DA,Sonic_JumpHeight,
012908,Sonic_UpVelCap,
01291E,Sonic_ShieldMoves,
012946,Sonic_FireShield,
012994,Sonic_LightningShield,
0129BC,Sonic_BubbleShield,
0129EC,Sonic_CheckTransform,
012A02,Sonic_InstaShield,
012A22,Sonic_Transform,
012A86,Sonic_Super,
012B28,Sonic_Spindash,
012CCC,Player_SlopeResist,
012D14,Player_RollRepel,
012D50,Player_SlopeRepel,
012DB2,Player_JumpAngle,
012DC8,Player_JumpAngleSet,
012DCC,Player_JumpFlip,
012DD8,Player_JumpRightFlip,
012DF0,Player_JumpLeftFlip,
012E0C,Player_JumpFlipSet,
012E12,Sonic_DoLevelCollision,
012EF4,Player_HitLeftWall,
012F0C,Player_HitCeiling,
012F70,Player_HitCeilingAndWalls,
01302C,Player_TouchFloor_Check_Spindash,
013038,Player_TouchFloor,
0130BE,BubbleShield_Bounce,
01344C,Animate_Sonic,
01360C,Anim_Tumble,
013658,Anim_TumbleLeft,
013A22,Sonic_Load_PLC,
013A28,Sonic_Load_PLC2,
013A82,Perform_Player_DPLC,
013A8C,Animate_SonicKnuckles_2P,
013DF0,SonicKnuckles2P_Load_PLC,
013E58,Obj_Tails2P,
0143B2,Obj_Tails,
014404,Tails_Normal,
014420,Tails_Init,
0144CC,Tails_Init_Continued,
014514,Tails_Control,
014626,Tails_Display,
0146DE,Tails_CPU_Control,
0147DA,Tails_Catch_Up_Flying,
0148A2,Tails_FlySwim_Unknown,
015040,Tails_Carry_Sonic,
015284,Tails_Water,
01536C,Tails_Stand_Path,
0153D0,Tails_Stand_Freespace,
015400,Tails_FlyingSwimming,
01543A,Tails_Move_FlySwim,
0154C4,Tails_Set_Flying_Animation,
01554C,Tails_Spin_Path,
0155AE,Tails_Spin_Freespace,
0155F0,Tails_InputAcceleration_Path,
0158F8,Tails_RollSpeed,
015A26,Tails_InputAcceleration_Freespace,
015AB6,Tails_Check_Screen_Boundaries,
015B12,Tails_Roll,
015B78,Tails_Jump,
015C38,Tails_JumpHeight,
015C7A,Tails_Test_For_Flight,
015CDC,Tails_Spindash,
015E64,Tails_SlopeResist,
015E9A,Tails_RollRepel,
015ED6,Tails_SlopeRepel,
015F18,Tails_JumpAngle,
015F78,Tails_DoLevelCollision,
016192,Tails_TouchFloor_Check_Spindash,
01619E,Tails_TouchFloor,
01636A,Animate_Tails,
016370,Animate_Tails_Part2,
016728,Tails_Tail_Load_PLC,
016756,Tails_Load_PLC,
01675C,Tails_Load_PLC2,
0167AC,Animate_Tails2P,
0167B2,Animate_Tails_Tail2P,
016AFE,Tails2P_Tail_Load_PLC,
016B2C,Tails2P_Load_PLC,
016B82,Obj_Tails_Tail,
016BAE,Obj_Tails_Tail_Main,
016CB2,Obj_Tails2P_Tail,
016D90,Obj_MGZ2_BossTransition,
016EFC,Obj_AirCountdown,
016F1C,AirCountdown_Init,
016F74,AirCountdown_Animate,
016F80,AirCountdown_ChkWater,
016FA6,AirCountdown_Wobble,
016FEC,AirCountdown_Display,
017004,AirCountdown_Delete,
01700A,AirCountdown_AirLeft,
017028,AirCountdown_Display2,
01704A,AirCountdown_DisplayNumber,
01706A,AirCountdown_ShowNumber,
0171B6,AirCountdown_Load_Art,
0171FE,AirCountdown_Countdown,
01728C,AirCountdown_WarnSound,
01729A,AirCountdown_ReduceAir,
017334,AirCountdown_MakeItem,
017412,Player_ResetAirTimer,
0174E6,Obj_S2Shield,
0174F8,Obj_S2Shield_Init,
01751C,Obj_S2Shield_Main,
017554,Obj_S2Shield_Display,
017568,Obj_S2Shield_Destroy,
017580,Obj_Invincibility,
017670,Obj_17670,
0178BE,Obj_DashDust,
017AB6,DashDust_Load_DPLC,
017ABC,SplashDrown_Load_DPLC,
017CD2,Obj_DashDust2P,
017EA2,Obj_SuperSonic_Stars,
01800C,Obj_SuperSonic_Stars_Timer,
018094,Obj_InstaShield,
0180F0,Obj_InstaShield_Main,
01815A,Obj_FireShield,
0181B6,Obj_FireShield_Main,
018238,Obj_FireShield_DestroyUnderwater,
01825A,Obj_FireShield_Destroy,
018268,Obj_LightningShield,
0182D8,Obj_LightningShield_Main,
018334,Obj_LightningShield_Display,
018360,Obj_LightningShield_DestroyUnderwater,
018398,Obj_LightningShield_Destroy,
0183A6,Obj_LightningShield_CreateSpark,
01840E,Obj_LightningShield_Spark,
018432,Obj_LightningShield_Spark_Delete,
018438,Obj_LightningShield_DestroyUnderwater2,
018458,Obj_BubbleShield,
0184BC,Obj_BubbleShield_Main,
01851A,Obj_BubbleShield_Destroy,
018528,PLCLoad_Shields,
01854C,PLCLoad_Shields_ReadEntry,
018CF6,Obj_Ring,
018D0E,Obj_RingInit,
018D44,Obj_RingAnimate,
018D4E,Obj_RingCollect,
018D60,Obj_RingSparkle,
018D6E,Obj_RingDelete,
018D72,GiveRing,
018D7E,GiveRing_1P,
018DC4,JmpTo_Play_SFX,
018DCC,GiveRing_Tails,
018E26,Obj_Bouncing_Ring,
018F94,Obj_Attracted_Ring,
018FF6,Obj_Attracted_RingAnimate,
019044,AttractedRing_GiveRing,
01907C,AttractedRing_Move,
019098,AttractedRing_MoveRight,
0190A2,AttractedRing_ApplyMovementX,
0190C2,AttractedRing_MoveUp,
0190CC,AttractedRing_ApplyMovementY,
019132,Init_SpriteTable,
019166,Init_SpriteTable2,
019180,Init_SpriteTable_2Player,
01919E,Process_Sprites,
0191F6,MoveSprite,
019216,MoveSprite2,
019230,Delete_Current_Sprite,
019232,Delete_Referenced_Sprite,
019240,Draw_Sprite,
019256,Animate_Sprite,
0192F6,Animate_SpriteIrregularDelay,
01938E,Render_Sprites,
01944E,Render_Sprites_NextObj,
019454,Render_Sprites_NextLevel,
019856,Render_Sprites_CompetitionMode,
019BEA,Sprite_OnScreen_Test,
019C12,Sprite_OnScreen_Test2,
019C36,Delete_Sprite_If_Not_In_Range,
019CC4,Sprite_CheckDeleteTouch3,
019CF2,Load_Sprites,
019CFC,Load_Sprites_Index,
01A0B2,CreateNewSprite4,
01A0C2,AllocateObject,
01A0CA,AllocateObjectAfterCurrent,
01A14E,Clear_SpriteRingMem,
01A18E,Get_LevelSizeStart,
01A478,DeformBgLayer,
01A55A,MoveCameraX,
01A5D0,MoveCameraY,
01A6EA,MoveCameraX_2P,
01A762,LoadLevelLoadBlock2,
01A814,Load_Level,
01A83C,Do_ResizeEvents,
01A908,AIZ1_Resize,
01AA9C,AIZ2_Resize,
01AABC,AIZ2_Resize1,
01AAF4,AIZ2_Resize2,
01AB7A,AIZ2_Resize3,
01AB94,AIZ2_Resize4,
01ABE4,AIZ2_Resize5,
01ABFE,AIZ2_Resize6,
01AC18,AIZ2_Resize7,
01AC2A,AIZ2_Resize8,
01AC38,AIZ2_ResizeEnd,
01AC3A,HCZ1_Resize,
01ACB2,HCZ2_Resize,
01ACD8,MGZ1_Resize,MGZ2_Resize
01AD86,CNZ1_Resize,CNZ2_Resize / FBZ1_Resize / FBZ2_Resize
01AD88,ICZ1_Resize,
01ADCA,ICZ2_Resize,
01ADFA,LBZ1_Resize,
01ADFC,LBZ2_Resize,
01AE68,No_Resize,
01AE6A,Resize_MaxYFromX,
01AE88,Draw_LRZ_Special_Rock_Sprites,
01AFC2,Obj_PathSwap,
01B41E,Obj_Monitor,
01B436,Obj_MonitorInit,
01B4A0,Obj_MonitorMain,
01B4FA,Obj_MonitorAnimate,
01B508,SolidObject_Monitor_Sonic,
01B51A,SolidObject_Monitor_Tails,
01B534,Monitor_ChkOverEdge,
01B564,Monitor_CharStandOn,
01B56E,Obj_MonitorBreak,
01B59E,Obj_MonitorSpawnIcon,
01B602,Obj_MonitorContents,
01B6B0,Monitor_Give_Eggman,
01B6B6,Monitor_Give_1up,
01B6CA,Monitor_Give_Rings,
01B728,Monitor_Give_SpeedShoes,
01B772,Monitor_Give_FireShield,
01B7B0,Monitor_Give_LightningShield,
01B7EE,Monitor_Give_BubbleShield,
01B82C,Monitor_Give_Invincibility,
01B878,Monitor_Give_SuperSonic,
01BA0C,SolidObjectFull,
01BA2A,SolidObjectFull_1P,
01BA6C,SolidObjectFull2,
01BA82,SolidObjectFull2_1P,
01BBD6,SolidObjectFull_Offset,
01BBEC,SolidObjectFull_Offset_1P,
01BD46,SolidObject_cont,
01BF0C,MvSonicOnPtfm,
01BF46,SolidObjSloped2,
01BF88,SolidObjSloped4,
01BFAC,SolidObjectTop,
01BFC2,SolidObjectTop_1P,
01C004,SolidObjectTopSloped2,
01C01A,SolidObjectTopSloped2_1P,
01C05C,SolidObjectTopSloped,
01C072,SolidObjectTopSloped_1P,
01C136,RideObject_SetRide,
01C17C,SolidObjCheckSloped2,
01C1B4,CheckPlayerReleaseFromObj,
01C214,Obj_Explosion,
01C2C0,Obj_FireShield_Dissipate,
01C3BC,Obj_AIZ1Tree,
01C3FE,Obj_AIZ1ZiplinePeg,
01C440,Obj_AutoSpin,
01C704,Obj_S2LavaMarker,
01C7E6,Obj_InvisibleBlock,
01C8EE,Obj_HCZBreakableBar,
01CE62,Obj_HCZWaveSplash,
01CFF2,Obj_HCZBlock,
01D096,Obj_InvisibleHurtBlockHorizontal,
01D224,Obj_InvisibleHurtBlockVertical,
01D3C4,Obj_AIZHollowTree,
01D532,AIZTree_FallOff,
01D592,AIZTree_SetPlayerPos,
01D656,Obj_AIZLRZEMZRock,
01DE1C,Obj_CollapsingPlatform,
01DF4C,Obj_CollapsingBridge,
01E354,Obj_PlatformCollapseWait,
01E36C,Obj_PlatformCollapseFall,
01E384,Obj_PlatformCollapseWaitHandlePlayer,
01E3AA,Check_CollapsePlayerRelease,
01E402,CollapsingPtfmHandlePlayerAndSmash,
01E40E,ObjPlatformCollapse_CreateFragments,
01E41C,ObjPlatformCollapse_SmashObject,
01E440,GetFragmentsSlotsloop,
01E448,GetFragmentsSpriteProperties,
01E47E,FragmentsDrawAndPlaySfx,
01F6BC,Obj_BreakableWall,
01F98C,BreakObjectToPieces,
01F9B0,BreakObjectToPieces_Loop,
01F9BA,BreakObjectToPieces_InitObject,
0200AE,Obj_AIZRideVine,
0204B4,Obj_AIZRideVineHandle,
020768,Obj_AIZGiantRideVine,
020B0E,Obj_AIZSurfboardIntro,
020B8C,Obj_AIZSurfboardIntro_Main,
020C06,Obj_AIZSurfboardIntro_Jump,
020C94,Obj_AIZSurfboardIntro_Run,
020D04,Obj_AIZSurfboardIntro_Stop,
020D38,Obj_AIZSurfboardIntro_CheckDelete,
020D3E,SurfboardIntro_Move,
020DE0,SurfboardIntro_Load_PLC,
020F74,Obj_SurfboardWaves,
020FCE,Obj_SurfboardWaves_Main,
020FFC,Obj_SurfboardSplash,
02102C,SurfboardSplash_Init,
021044,SurfboardSplash2_Init,
02106C,Obj_SurfboardSplash_Main,
0210E0,Obj_SurfboardSplash2_Main,
021152,SurfboardSplash_SetOffsets,
0212B2,Obj_Surfboard,
0212EA,Obj_Surfboard_Main,
0213D8,Obj_Spring,
021482,Spring_Horizontal,
0214C0,Spring_Down,
0214F2,Spring_UpDiag,
02151A,Spring_DownDiag,
021548,Spring_Up,
021576,Spring_Common,
0215A6,Obj_Spring_Up,
0215F8,Obj_2PSpring_Up,
0216F6,Obj_Spring_Horizontal,
021784,Obj_2PSpring_Horizontal,
0219C6,Obj_Spring_Down,
021A14,Obj_2PSpring_Down,
021B1E,Obj_Spring_UpDiag,
021C60,Obj_Spring_DownDiag,
022072,Obj_RetractingSpring,
0221C6,Obj_2PRetractingSpring,
022612,Obj_Spikes,
022C04,Init_ArtScaling,
02336E,Obj_SphereTest,
0236CC,Obj_SphereTest_Main,
023790,Obj_EosianSphere,
0239B8,GetScalars,
023C70,Obj_TwistedRamp,
023D32,Obj_LBZMovingPlatform,
023E86,Platform_Stationary,
023EBE,Platform_Horizontal64,
023ECA,Platform_Horizontal128,
023EEC,Platform_Vertical64,
023EF8,Platform_Vertical128,
023F1A,Platform_DiagonalUp,
023F34,Platform_DiagonalDown,
023F52,Platform_DiagonalLift,
023FA2,Platform_Horizontal256,
023FFE,Platform_FallingDelayed,
024028,Platform_Falling,
0240A4,Obj_FallingPlatformIntangible,
0240DA,Platform_Rising,
02416E,Platform_Square32,
024180,Platform_Square96,
024190,Platform_Square160,
0241A0,Platform_Square224,
02425E,Obj_LBZUnusedBarPlatform,
0243FC,Obj_FloatingPlatform,
0245B4,Obj_HCZSnakeBlocks,
024722,Obj_LBZUnusedElevator,
024912,Obj_LBZExplodingTrigger,
0249B2,Obj_MGZDashTrigger,
024C24,Obj_LBZTriggerBridge,
0250D2,Obj_LBZPlayerLauncher,
025394,Obj_LBZFlameThrower,
025422,Obj_AutoSpin460,
025584,Obj_LBZRideGrapple,
025A12,Obj_LBZCupElevator,
025B60,Obj_LBZCupElevatorMain,
025BC0,LBZCupElevator_Action,
025BE2,LBZCupElev_WaitEnter,
025BF4,LBZCupElev_MoveUp,
025C7C,LBZCupElev_WaitExit1,
025C88,LBZCupElev_MoveDown,
025D0C,LBZCupElev_WaitExit2,
025D1A,LBZCupElev_Spin1,
025DB4,LBZCupElev_Spin2,
025E22,LBZCupElev_Fling1,
025E46,LBZCupElev_Fling2,
025E6A,LBZCupElev_Fling3,
025F02,Obj_LBZElevatorCupFlicker,
025F62,LBZCupElevator_ReleasePlayer,
025F88,LBZCupElevator_PlayerControl,
0260DC,Obj_LBZCupElevatorBase,
0260EC,Obj_LBZCupElevatorAttach,
026144,Obj_LBZCupElevatorPole,
026202,Obj_LBZUnusedTiltingBridge,
0264FA,Obj_LBZPipePlug,
0266EE,PipePlugSmashObject,
0268FE,Obj_LBZUnusedSolidHurt,
026A92,Animate_Tiles,
026B72,AnimateTiles_NULL,
026B74,AnimateTiles_AIZ1,
026B84,AnimateTiles_AIZ2,
026BBA,AnimateTiles_HCZ1,
026CBE,AniHCZ_FixUpperBG,
026CE6,AniHCZ_FixLowerBG,
026D92,AnimateTiles_HCZ2,
026F66,AnimateTiles_MGZ,
026F70,AnimateTiles_CNZ,
027006,AnimateTiles_ICZ,
02713A,AnimateTiles_LBZ1,
02722A,AnimateTiles_LBZ2,
0273D2,AnimateTiles_LRZ1,
0274D0,AnimateTiles_DPZ,
0275B6,AnimateTiles_Gumball,
0275EC,AnimateTiles_DoAniPLC,
0275F2,AnimateTiles_DoAniPLC_Part2,
0278B6,AnimateTiles_NULL3,
0278B8,Animate_Init,
02795A,Obj_LBZSpinLauncher,
027BF0,Obj_LBZLoweringGrapple,
028114,Obj_MGZLBZSmashingPillar,
028286,Obj_LBZGateLaser,
0283B8,Obj_LBZAlarm,
02848A,Obj_LBZUnusedForceFall,
028534,Obj_AutomaticTunnelDelayed,
028542,Obj_AutomaticTunnel,
028592,Obj_AutoTunnelInit,
028646,Obj_AutoTunnelRun,
028700,Obj_AutoTunnelLastMove,
028714,AutoTunnel_GetPath,
02878A,AutoTunnel_CalcSpeed,
028808,Obj_TunnelExhaustControl,
02887C,Obj_TunnelExhaustControlMain,
028938,Obj_TunnelExhaustUp,
028966,Obj_TunnelExhaustDown,
028996,Obj_TunnelExhaustHorz,
0289C6,Obj_TunnelExContinuous,
028A30,Obj_TunnelExhaustTimed,
028A6A,Obj_TunnelExSmoke,
028C10,Obj_LBZTubeElevator,
028CBC,Obj_LBZTubeElevatorActive,
028CDC,Obj_LBZTubeElevatorClosed,
028D94,LBZTubeElevator_Action,
028DB4,LBZTubeElevator_WaitPlayer,
028E24,LBZTubeElevator_StartSpin,
028EA6,LBZTubeElevator_MovePath,
028F3E,LBZTubeElevator_SlowSpin,
028F8A,LBZTubeElevator_WaitExit,
028FF0,LBZTubeElevator_EndSpin,
029022,LBZTubeElevator_Closed,
029078,LBZTubeElevator_CheckPlayer,
029336,Obj_AIZDisappearingFloor,
02963A,Obj_CorkFloor,
029F80,Obj_AIZFlippingBridge,
02A3A4,Obj_AIZCollapsingLogBridge,
02A7F2,Obj_AIZDrawBridge,
02AC4E,Obj_AIZFallingLog,
02AF20,Obj_AIZSpikedLog,
02B2DA,Obj_StillSprite,
02B66A,Obj_AnimatedStillSprite,
02B72E,Obj_AIZForegroundPlant,
02B954,Obj_AIZ2FGTree,
02B9B6,Obj_LBZRollingDrum,
02BB20,Obj_Button,
02BD98,Obj_Animal,
02C2EA,Obj_EnemyScore,
02C41E,Obj_StarPost,
02C5EC,Save_Level_Data,
02C642,Save_Level_Data2,
02C6AA,Load_Starpost_Settings,
02C9AC,Obj_GameOver,
02CA66,Obj_TitleCard,
02CA7C,Obj_TitleCardInit,
02CAF0,Obj_TitleCardCreate,
02CB78,Obj_TitleCardWait,
02CBCA,Obj_TitleCardWait2,
02CC18,Obj_TitleCardRedBanner,
02CC62,Obj_TitleCardName,
02CC70,Obj_TitleCardElement,
02CCB4,Obj_TitleCardAct,
02CCD8,Obj_TitleCardElement2,
02CDDC,Obj_LevelResults,
02CDF2,Obj_LevelResultsInit,
02CEBA,Obj_LevelResultsCreate,
02CF26,Obj_LevelResultsWait,
02CFA8,Obj_LevelResultsWait2,
02CFF6,Obj_LevResultsCharName,
02D04C,Obj_LevResultsGeneral,
02D056,Obj_LevelResultsTimeBonus,
02D060,Obj_LevelResultsRingBonus,
02D06A,Obj_LevelResultsTotal,
02D07A,LevResults_DisplayScore,
02D0B8,LevelResults_MoveElement,
02D104,LevResults_GetDecimalScore,
02D218,SpecialStage_Results,
02D41E,Obj_SpecialStage_Results,
02DF3C,LoadEnemyArt,
02E04E,Obj_Bubbler,
02E4BA,Obj_HCZWaterRush,
02E786,Obj_HCZWaterWall,
02EF5E,Obj_HCZCGZFan,
02F2D8,Obj_HCZLargeFan,
02F650,Obj_HCZHandLauncher,
02FAB0,Obj_Door,
02FDBE,Obj_HCZConveyorBelt,
03015C,Obj_HCZConveryorSpike,
030368,Obj_CNZBalloon,
030764,Obj_CNZCannon,
030BDC,Obj_CNZRisingPlatform,
030D30,Obj_CNZTrapDoor,
030DFC,Obj_CNZLightBulb,
030E7E,Obj_CNZHoverFan,
0310A0,Obj_CNZVacuumTube,
031262,Obj_CNZCylinder,
031880,Obj_HCZSpinningColumn,
031B54,Obj_CNZGiantWheel,
031C20,Obj_CNZTriangleBumpers,
031D08,Obj_SinkingMud,
031EFA,Obj_CGZTriangleBumpers,
032082,Obj_Bumper,
032302,Obj_CNZSpiralTube,
03259A,Obj_CNZBarberPoleSprite,
032A70,Obj_CNZWireCage,
032EC0,Obj_MGZTwistingLoop,
0331D0,Obj_MGZSwingingPlatform,
03333C,Obj_MGZSwingingSpikeBall,
0335AC,Obj_MGZHeadTrigger,
033874,Obj_MGZTriggerPlatform,
033A7A,Obj_MGZMovingSpikePlatform,
033CC8,Obj_MGZPulley,
034190,Obj_MGZTopPlatform,
034F20,Obj_MGZTopLauncher,
03500C,Obj_CGZBladePlatform,
03518A,Obj_BPZElephantBlock,
035312,Obj_BPZBalloon,
0354CC,Obj_DPZDisolvingSandBar,
035834,Obj_DPZButton,
0358F6,Obj_2PItem,
036172,Obj_2PGoalMarker,
03768A,Obj_EMZDripper,
03780E,Obj_WaterDrop,
037994,Obj_HCZWaterSplash,
037C94,Obj_TensionBridge,
03867A,Obj_HCZTwistingLoop,
038CE2,Obj_LevelIntroICZ1,
03903E,Obj_LevelIntro_PlayerLaunchFromGround,
039164,Obj_LevelIntroICZ1Tails,
03923E,LevelSetup,
0392CC,ScreenEvents,
039618,VInt_DrawLevel,
039622,VInt_DrawLevel_2,
039636,VInt_DrawLevel_Col,
039640,VInt_DrawLevel_Draw,
039654,VInt_DrawLevel_Done,
03965C,VInt_VRAMWrite,
039678,SpecialVInt_VRAMRead,
039690,VInt_DrawLevel_Competition,
0396B6,SpecialVInt_Function,
0396C4,SpecialVInt_Array,
0396E4,SpecialVInt_VScrollOn,
0396EE,SpecialVInt_VScrollCopy,
039704,SpecialVInt_VScrollOff,
039710,SpecialVInt_LBZ2WindowCopy,
03975A,SpecialVInt_LBZ2ScrollAClear,
039782,SpecialVInt_LBZ2ScrollAClear2,
03979E,SpecialVInt_LBZ2WindowClear,
0397E0,Draw_TileColumn,
039822,Draw_TileColumn2,
039864,Setup_TileColumnDraw,
03996E,Get_LevelChunkColumn,
03998E,Draw_TileRow,
0399D8,Draw_TileRow2,
039A22,Setup_TileRowDraw,
039AFE,Get_LevelAddrChunkRow,
039B0A,Get_ChunkRow,
039B20,Setup_TileRowDraw_Competition,
039B60,Refresh_PlaneFull,
039B7E,Refresh_PlaneTileDeform,
039BAA,Refresh_PlaneDirectVScroll,
039BD6,Refresh_PlaneFull_Competition,
039BF0,Refresh_PlaneScreenDirect,
039C1E,DrawTilesAsYouMove,
039C42,DrawBGAsYouMove,
039C84,Draw_BG,
039CA0,Draw_BGNoVert,
039D04,Get_DeformDrawPosVert,
039D1E,DrawTilesVDeform,
039D3C,DrawTilesVDeform2,
039DBC,Get_XDeformRange,
039DD6,Draw_PlaneVertBottomUp,
039DE4,Draw_PlaneVertSingleBottomUp,
039E10,Draw_PlaneVertBottomUpComplex,
039E52,PlainDeformation,
039E74,MakeFGDeformArray,
039E8C,ApplyDeformation,
039E90,ApplyDeformation3,
039E9C,ApplyDeformation2,
039F18,ApplyFGandBGDeformation,
039FB4,Apply_FGVScroll,
03A002,Reset_TileOffsetPositionActual,
03A01E,Reset_TileOffsetPositionEff,
03A03C,Update_CameraPositionP2,
03A04A,Update_VScrollValueP2,
03A064,SpecialEvents,
03A080,Adjust_BGDuringLoop,
03A09E,Get_BGActualEffectiveDiff,
03A0B8,ShakeScreen_Setup,
03A0F8,Offset_ObjectsDuringTransition,
03A5F0,Clear_Switches,
03A5FE,NoScreenInit,
03A606,NoScreenEvent,
03A60A,NoBackgroundInit,
03A61A,NoBackgroundEvent,
03A626,No_Deform,
03A63C,Comp_ScreenInit,
03A68A,Comp_ScreenEvent,
03A6AC,CGZ_ScreenEvent,
03A6CC,ALZ_BackgroundInit,
03A6D2,BPZ_BackgroundInit,
03A6D8,DPZ_BackgroundInit,
03A6DE,CGZ_BackgroundInit,
03A716,EMZ_BackgroundInit,
03A71A,Comp_BackgroundInit,
03A73E,ALZ_BackgroundEvent,
03A748,BPZ_BackgroundEvent,
03A752,CGZ_BackgroundEvent,
03A75C,EMZ_BackgroundEvent,
03A796,DPZ_BackgroundEvent,
03A7D0,ALZ_Deformation,
03A88E,BPZ_Deformation,
03A8DC,DPZ_Deformation,
03A924,CGZ_Deformation,
03A980,EMZ_Deformation,
03AA9A,AIZ1_ScreenInit,
03AAA2,AIZ1_ScreenEvent,
03AB4A,AIZ1SE_ChangeChunk1,
03AB5E,AIZ1SE_ChangeChunk2,
03AB70,AIZ1SE_ChangeChunk3,
03AB82,AIZ1SE_ChangeChunk4,
03AB96,AIZ_TreeReveal,
03AC14,Obj_AIZ1TreeRevealControl,
03ACBA,AIZ1_BackgroundInit,
03AD0C,AIZ1_BackgroundEvent,
03AD14,AIZ1_BackgroundEvent_Index,
03AD2C,AIZ1BGE_Intro,
03AD86,AIZ1BGE_NormalRefresh,
03ADA2,AIZ1BGE_Normal,
03ADC0,AIZ1_AIZ2_Transition,
03ADF8,AIZ1BGE_FireTransition,
03AED2,AIZ1BGE_FireRefresh,
03AEFE,AIZ1BGE_Finish,
03AFD2,AIZ1_IntroDeform,
03B03E,AIZ1_Deform,
03B0D4,AIZ1_ApplyDeformWater,
03B152,AIZ1_FireRise,
03B17A,AIZTrans_WavyFlame,
03B1C6,Obj_AIZTransitionFloor,
03B284,AIZ2_ScreenInit,
03B28C,AIZ2_ScreenEvent,
03B29C,AIZ2_ScreenEvent_Index,
03B2B0,AIZ2SE_Normal,
03B2EC,AIZ2SE_ShipRefresh,
03B34C,AIZ2SE_ShipDraw,
03B394,AIZ2SE_EndRefresh,
03B3CA,AIZ2SE_End,
03B3CE,HInt6,
03B3F2,AIZ2_BackgroundInit,
03B42A,AIZ2_BackgroundEvent,
03B446,AIZ2_BackgroundEvent_Index,
03B45E,AIZ2BGE_FireRedraw,
03B48E,AIZ2BGE_WaitFire,
03B56A,AIZ2BGE_BGRedraw,
03B580,AIZ2BGE_Normal,
03B5E0,AIZ2BGE_ShipRefresh,
03B5F6,AIZ2BGE_ShipMove,
03B626,AIZ2_Deform,
03B680,AIZ2_ApplyDeform,
03B774,AIZ2_DoShipLoop,
03B7DE,Obj_AIZBattleship,
03B822,Obj_AIZBattleshipMain,
03B8B6,Obj_BattleshipPropeller,
03B8E8,Obj_BattleshipPropellerMain,
03B90A,Obj_AIZShipBomb,
03B942,Obj_AIZShipBombMain,
03B94C,AIZShipBomb_Index,
03B958,AIZShipBomb_ReadyDrop,
03B96A,AIZShipBomb_Delay,
03B986,AIZShipBomb_Drop,
03BA06,Translate_Camera2ObjPosition,
03BA12,Translate_Camera2ObjX,
03BA30,Obj_AIZBombExplosion,
03BA68,Obj_AIZBombExplosionAnim,
03BA9E,Obj_AIZ2MakeTree,
03BAEE,Obj_AIZ2BGTree,
03BB14,Obj_AIZ2BGTreeMove,
03BB48,Obj_AIZ2BossSmall,
03BB88,Obj_AIZ2BossSmallMain,
03C28C,HCZ1_ScreenInit,
03C298,HCZ1_ScreenEvent,
03C29C,HCZ1_BackgroundInit,
03C2CA,HCZ1_BackgroundEvent,
03C2D2,HCZ1_BackgroundEvent_Index,
03C2DA,HCZ1BGE_Normal,
03C356,HCZ1BGE_DoTransition,
03C406,HCZ1_Deform,
03C5AE,HCZ2_ScreenInit,
03C5B6,HCZ2_ScreenEvent,
03C5C2,HCZ2_BackgroundInit,
03C608,HCZ2_BackgroundEvent,
03C610,HCZ2_BackgroundEvent_Index,
03C624,HCZ2BGE_WallMoveInit,
03C628,HCZ2BGE_WallMove,
03C68E,HCZ2BGE_NormalTransition,
03C6BC,HCZ2BGE_NormalRefresh,
03C6D2,HCZ2BGE_Normal,
03C6F2,HCZ2_WallMove,
03C772,HCZ2_Deform,
03C820,MGZ1_ScreenInit,
03C82C,MGZ1_ScreenEvent,
03C83C,MGZ1_BackgroundInit,
03C854,MGZ1_BackgroundEvent,
03C85C,MGZ1_BackgroundEvent_Index,
03C864,MGZ1BGE_Normal,
03C8C8,MGZ1BGE_Transition,
03C970,MGZ1_Deform,
03C9CE,Do_ShakeSound,
03CA14,MGZ2_ScreenInit,
03CA24,MGZ2_ScreenEvent,
03CA38,MGZ2_ScreenEvent_Index,
03CA44,MGZ2SE_Normal,
03CA68,MGZ2SE_Collapse,
03CA86,MGZ2SE_MoveBG,
03CAA6,MGZ2_LevelCollapse,
03CC02,MGZ2_QuakeEvent,
03CC12,MGZ2_QuakeEvent_Index,
03CC2E,MGZ2_QuakeEventCheck,
03CC90,MGZ2_QuakeEvent1,
03CCD4,MGZ2_QuakeEvent2,
03CD1E,MGZ2_QuakeEvent3,
03CD86,MGZ2_QuakeEvent1Cont,
03CD90,MGZ2_QuakeEvent2Cont,
03CDB0,MGZ2_QuakeEvent3Cont,
03CDCC,MGZ2_ChunkEvent,
03CDD4,MGZ2_ChunkEvent_Index,
03CDEA,MGZ2_ChunkEventCheck,
03CE40,MGZ2_ChunkEvent1,
03CE5E,MGZ2_ChunkEvent2_3,
03CEDC,MGZ2_ChunkEventReset,
03CEEE,MGZ2_ModifyChunk,
03CF20,Obj_MGZ2LevelCollapseSolid,
03D084,MGZ2_BackgroundInit,
03D134,MGZ2_BackgroundEvent,
03D13C,MGZ2_BackgroundEvent_Index,
03D148,MGZ2BGE_GoRefresh,
03D156,MGZ2BGE_Normal,
03D1B4,MGZ2BGE_Refresh,
03D1D0,MGZ2_BGDeform,
03D1D8,MGZ2_BGDeform_Index,
03D2BE,MGZ2_ClearBottomBG,
03D2D0,MGZ2_BGEventTrigger,
03D2E8,MGZ2_BGEventTrigger_Index,
03D3C8,Obj_MGZ2BGMoveKnux,
03D3DC,Obj_MGZ2BGMoveSonic,
03D514,CNZ1_ScreenInit,
03D51C,CNZ1_ScreenEvent,
03D5EC,CNZ1_BackgroundInit,
03D606,CNZ1_BackgroundEvent,
03D60E,CNZ1_BackgroundEvent_Index,
03D62A,CNZ1BGE_Normal,
03D698,CNZ1BGE_BossStart,
03D6A4,CNZ1BGE_Boss,
03D6BE,CNZ1BGE_AfterBoss,
03D6E8,CNZ1BGE_FGRefresh,
03D770,CNZ1BGE_FGRefresh2,
03D7B6,CNZ1BGE_DoTransition,
03D87C,CNZ1_Deform,
03D8E4,CNZ1_BossLevelScroll,
03D8F0,CNZ1_BossLevelScroll2,
03D90E,Obj_CNZMinibossScrollControl,
03D918,CNZMinibossScrollControl_Index,
03D930,Obj_CNZMinibossScrollInit,
03D960,Obj_CNZMinibossScrollMain,
03D98A,Obj_CNZMinibossScrollWait,
03D9A6,Obj_CNZMinibossScrollSlow,
03D9C6,Obj_CNZMinibossScrollWait2,
03DA0C,Obj_CNZMinibossScrollWait3,
03DA32,CNZ2_ScreenInit,
03DA3A,CNZ2_ScreenEvent,
03DA54,CNZ2_BackgroundInit,
03DA74,CNZ2_BackgroundEvent,
03DA7C,CNZ2_BackgroundEvent_Index,
03DAF0,ICZ1_ScreenInit,
03DB0A,ICZ1_ScreenEvent,
03DB12,ICZ1_ScreenEvent_Index,
03DB2A,ICZ1SE_Init,
03DB34,ICZ1SE_WaitQuake,
03DB3C,ICZ1SE_Normal,
03DB40,ICZ1_BackgroundInit,
03DBBA,ICZ1_BackgroundEvent,
03DBC2,ICZ1_BackgroundEvent_Index,
03DBDA,ICZ1BGE_Intro,
03DC20,ICZ1BGE_SnowFall,
03DC4A,ICZ1BGE_Refresh,
03DC7A,ICZ1BGE_Refresh2,
03DC9A,ICZ1BGE_Normal,
03DCF4,ICZ1BGE_Transition,
03DDAE,ICZ1_IntroDeform,
03DE04,ICZ1_BigSnowFall,
03DE60,ICZ1_Deform,
03DE86,ICZ1_SetIntroPal,
03DEC6,ICZ1_SetIndoorPal,
03DF16,ICZ2_ScreenInit,
03DF1E,ICZ2_ScreenEvent,
03DF22,ICZ2_BackgroundInit,
03DF98,ICZ2_BackgroundEvent,
03DFA0,ICZ2_BackgroundEvent_Index,
03DFAC,ICZ2BGE_FromICZ1,
03DFBA,ICZ2BGE_Normal,
03E08C,ICZ2BGE_Refresh,
03E0C2,ICZ2_OutDeform,
03E13A,ICZ2_InDeform,
03E1AA,ICZ2_SetOutdoorsPal,
03E1DA,ICZ2_SetIndoorsPal,
03E20E,ICZ2_SetICZ1Pal,
03E258,LBZ1_ScreenInit,
03E2CA,LBZ1_ScreenEvent,
03E342,LBZ1_LayoutExitMod1,
03E34C,LBZ1_LayoutExitMod2,
03E358,LBZ1_LayoutExitMod3,
03E362,LBZ1_LayoutExitMod4,
03E382,LBZ1_EventVScroll,
03E458,LBZ1_CheckLayoutMod,
03E496,LBZ1_LayoutModBranch,
03E49E,LBZ1_LayoutMod1,
03E4A8,LBZ1_LayoutMod2,
03E4B2,LBZ1_LayoutMod3,
03E4C8,LBZ1_LayoutMod4,
03E4D0,LBZ1_DoMod4,
03E4EC,LBZ1_DoMod3,
03E506,LBZ1_DoMod2,
03E526,LBZ1_DoMod1,
03E544,LBZ1_ModEndingLayout,
03E560,Obj_LBZ1InvisibleBarrier,
03E5F0,LBZ1_BackgroundInit,
03E618,LBZ1_BackgroundEvent,
03E620,LBZ1_BackgroundEvent_Index,
03E628,LBZ1BGE_Normal,
03E6A0,LBZ1BGE_DoTransition,
03E756,LBZ1_Deform,
03E7D2,LBZ2_ScreenInit,
03E7EE,LBZ2_ScreenEvent,
03E7FE,LBZ2_ScreenEvent_Index,
03E806,LBZ2SE_FromTransition,
03E824,LBZ2_LayoutMod,
03E84A,LBZ2SE_Normal,
03E84E,LBZ2_BackgroundInit,
03E882,LBZ2_BackgroundEvent,
03E88A,LBZ2_BackgroundEvent_Index,
03E8A2,LBZ2BGE_FromTransition,
03E8C2,LBZ2BGE_Refresh,
03E8D8,LBZ2BGE_Normal,
03E948,LBZ2BGE_DeathEgg,
03E99A,LBZ2BGE_PlatformDetach,
03EA00,LBZ2BGE_Falling,
03EA44,LBZ2_Deform,
03EC44,LBZ2_DeathEggDeform,
03EDE8,LBZ2_DeathEggMoveScreen,
03EEBE,LBZ2_EndFallingAccel,
03EF58,Gumball_ScreenInit,
03EFA2,Gumball_ScreenEvent,
03EFB6,Gumball_SetUpVScroll,
03EFCA,Gumball_VScroll,
03EFEC,Gumball_BackgroundInit,
03EFFE,Gumball_BackgroundEvent,
03F012,Gumball_Deform,
03F02A,ContinueScreen,
03F228,Obj_Continue_SonicWTails,
03F35E,Obj_Continue_TailsWSonic,
03F58E,Obj_3F58E,
040348,S3Credits,
04313E,Trap15_FuncDebug,
04315E,Func_Listing,Obj_SonicOnSegaScr
043178,SonicOnSegaScr_Init,
043232,SonicOnSegaScr_RunLeft,
043270,SonicOnSegaScr_MidWipe,
0432DA,SonicOnSegaScr_RunRight,
043314,SonicOnSegaScr_EndWipe,
043342,ObjB1,
043354,ObjB1_Init,
043378,ObjB1_Main,
04337E,SonicOnSegaScr_Move_Streaks_Left,
043392,SonicOnSegaScr_Move_Streaks_Right,
0435AC,SegaScr_VInt,
0436B2,Scale_2x,
043758,Scale2x_SingleTile,
043770,Scale2x_SingleTile2,
043788,Scale_2x_LeftPixels,
0437B2,Scale_2x_RightPixels,
0437DC,Scale_2x_LeftPixels2,
043806,Scale_2x_RightPixels2,
043830,Obj_GumballMachine,
043B08,Obj_GumballTriangleBumper,
044236,Obj_SSEntryRing,
044266,SSEntryRing_Init,
044278,SSEntryRing_Main,
044322,SSEntryRing_Animate,
044328,Obj_SSEntryFlash,
04434A,SSEntryFlash_Init,
04436E,SSEntryFlash_Main,
044392,SSEntryFlash_Finished,
0443A8,SSEntryFlash_GoSS,
0443EA,SSEntryRing_Display,
0446F2,Obj_CutsceneKnuckles,
044720,CutsceneKnux_AIZ1,
044926,CutsceneKnux_AIZ2,
044A9E,CutsceneKnux_Delete,
044AA4,CutsceneKnux_HCZ2,
044BFA,CutsceneKnux_CNZ2A,
044E62,CutsceneKnux_CNZ2B,
044FBA,CutsceneKnux_LBZ1,
045216,CutsceneKnux_LBZ2,
045424,Obj_LBZKnuxPillar,
04549C,Obj_CutsceneButton,
0455F4,Obj_CNZWaterLevelCorkFloor,
04564C,Obj_CNZWaterLevelButton,
04584E,Obj_AIZPlaneIntro,
045EA6,Obj_RobotnikHead,
045EC6,Obj_RobotnikHeadInit,
045EE2,Obj_RobotnikHeadMain,
045F16,Obj_RobotnikHeadEnd,
045F18,Obj_RobotnikHead2,
045F48,Obj_FBZRobotnikHead,
045F6E,Obj_FBZRobotnikHeadInit,
045F84,Obj_FBZRobotnikHeadMain,
045FD6,Obj_RobotnikHead3,
045FF6,Obj_RobotnikHead3Init,
046014,Obj_RobotnikHead3Main,
046048,Obj_RobotnikHead4,
046080,Obj_RobotnikShip,
046148,Obj_RobotnikShip2,
046166,Obj_RobotnikShip2Wait,
046182,Obj_RobotnikShip3,
0461B2,Obj_RobotnikShipInit,
0461D4,Obj_RobotnikShipMain,
046204,Obj_RobotnikShipWait,
046224,Obj_RobotnikShipReady,
04625E,Obj_RobotnikShipEscape,
04627C,Obj_RobotnikShip4,
04629A,Obj_FBZRobotnikShip,
0462BA,Obj_FBZRobotnikShipInit,
0462D6,Obj_FBZRobotnikShipMain,
04630C,Obj_FBZRobotnikShipWait,
04634A,Obj_FBZRobotnikShipFall,
046356,Obj_FBZRobotnikShipReadyGo,
046364,Obj_FBZRobotnikShipRise,
046382,Obj_RobotnikShipFlame,
046394,Obj_RobotnikShipFlameMain,
046442,Obj_AIZMinibossCutscene,
046532,Swing_Setup1,
046844,Obj_AIZMiniboss_Flame,
046974,Obj_AIZMiniboss,
0470B2,Obj_AIZEndBoss,
04710E,Obj_AIZEndBossMusic,
04711E,Obj_AIZEndBossMain,
04714C,Obj_AIZEndBossInit,
04796C,Child_SyncDraw,
047CF6,Obj_HCZMiniboss,
047DCA,Obj_HCZ_MinibossLoop,
04810A,Obj_HCZMiniboss_Rockets,
0482F2,Obj_HCZMiniboss_Engine,
048CDA,Obj_HCZEndBoss,
049D72,Obj_MGZ2DrillingRobotnik,
049DCA,Obj_MGZ2DrillingRobotnikGo,
049DDA,Obj_MGZ2DrillingRobotnikStart,
04A0F8,Obj_MGZEndBoss,
04A45E,Obj_MGZEndBossKnux,
04B1FE,MGZ2_SpecialCheckHit,
04B278,MGZ2_BossPalAdjust,
04B5A8,Obj_CNZMiniboss,
04B60C,Obj_CNZMinibossGo,
04B62A,Obj_CNZMinibossStart,
04B660,Obj_CNZMinibossInit,
04B69A,Obj_CNZMinibossLower,
04B6A6,Obj_CNZMinibossGo2,
04B6C8,Obj_CNZMinibossMove,
04B6DA,Obj_CNZMinibossGo3,
04B6E6,Obj_CNZMinibossCloseGo,
04B714,Obj_CNZMinibossChangeDir,
04B720,Obj_CNZMinibossOpening,
04B726,Obj_CNZMinibossOpenGo,
04B74A,Obj_CNZMinibossWaitHit,
04B772,Obj_CNZMinibossClosing,
04B778,Obj_CNZMinibossLower2,
04B78C,Obj_CNZMinibossEnd,
04B7C8,Obj_CNZMinibossEndGo,
04B7E8,Obj_CNZMinibossTop,
04B804,Obj_CNZMinibossTopInit,
04B81A,Obj_CNZMinibossTopWait,
04B844,Obj_CNZMinibossTopWait2,
04B850,Obj_CNZMinibossTopGo,
04B86C,Obj_CNZMinibossTopMain,
04BA0A,CNZMiniboss_BlockExplosion,
04BA3C,Obj_CNZMinibossCoil,
04BA56,Obj_CNZMinibossCoilClose,
04BAD2,Obj_CNZMinibossCoilOpen,
04BB0A,Obj_CNZMinibossTimedSparks,
04BB44,Obj_CNZMinibossTimedSparksGo,
04BB5A,Obj_CNZMinibossTimedSparksMain,
04BB70,Obj_CNZMinibossSparks,
04BBA0,Obj_CNZMinibossSparksMain,
04BBBE,Obj_CNZMinibossBounceEffect,
04BBF8,Obj_CNZMinibossDebris,
04BC42,SetUp_CNZMinibossSwing,
04BC5C,CNZMiniboss_CheckPlayerHit,
04BCB4,CNZMiniboss_CheckTopHit,
04BCFE,CNZMiniboss_BossDefeated,
04BD2A,CNZMiniboss_BossFlash,
04BD66,CNZMiniboss_MakeTimedSparks,
04BD78,CNZMiniboss_MoveDown,
04BD9A,CNZMinibossTop_CheckPlayerBounce,
04BE14,CNZMinibossTop_CheckHitBase,
04BF90,Obj_CNZEndBoss,
04C93E,Obj_FBZMiniboss,
04D558,Obj_FBZ2Subboss,
04DBA0,Obj_FBZEndBoss,
04E37E,Obj_ICZMiniboss,
04ECCE,Obj_ICZEndBoss,
04F474,Obj_LBZMiniboss,
04F9AC,Obj_LBZFinalBoss1,
05040E,Obj_LBZEndBoss,
050CAA,Obj_LBZFinalBoss2,
051B4C,Obj_LBZ2UnusedRobotnik,
051DB8,Perform_Art_Scaling,
051ED6,Animate_ExternalPlayerSprite,
0522EA,Obj_HiddenMonitor,
052312,Obj_HiddenMonitorMain,
0523A6,Obj_EndSign,
0523CC,Obj_EndSignInit,
052416,Obj_EndSignFall,
05247E,Obj_EndSignLanded,
0524C2,Obj_EndSignResults,
0524E8,Obj_EndSignAfter,
05251A,Obj_SignpostSparkle,
052554,Obj_SignpostSparkleMain,
05258E,Obj_SignpostStub,
05259C,Obj_SignpostStubMain,
0525A6,EndSign_CheckPlayerHit,
05261C,EndSign_CheckWall,
0526B8,AfterBoss_Cleanup,
0526EA,AfterBoss_AIZ1,
0526FE,AfterBoss_AIZ2,
052714,AfterBoss_HCZ,
052716,AfterBoss_MGZ,
052720,AfterBoss_CNZ,AfterBoss_FBZ / AfterBoss_ICZ1
052722,AfterBoss_ICZ2,
05272E,AfterBoss_LBZ,
0527DE,Obj_CreateBossExplosion,
0527F2,Obj_BossExpControl,
052820,Obj_WaitForParent,
052844,Obj_NormalExpControl,
052904,Obj_BossExplosionSpecial,
052940,Obj_BossExplosion,
05296A,Obj_BossExplosionAnim,
0529A8,SetUp_ObjAttributes,
0529AC,SetUp_ObjAttributes2,
0529B0,SetUp_ObjAttributes3,
0529D0,CreateChild1_Normal,
052A20,CreateChild2_Complex,
052A84,CreateChild3_NormalRepeated,
052AD6,CreateChild4_LinkListRepeated,
052B16,CreateChild5_ComplexAdjusted,
052B90,CreateChild6_Simple,
052BBC,CreateChild7_Normal2,
052C0C,CreateChild8_TreeListRepeated,
052C4C,Refresh_ChildPosition,
052C72,Refresh_ChildPositionAdjusted,
052CC4,Animate_Raw,
052CC8,Animate_RawNoSST,
052D04,AnimateRaw_Jump,
052D12,AnimateRaw_Restart,
052D1E,AnimateRaw_CustomCode,
052D28,Animate_RawAdjustFlipX,
052D5C,Animate_RawAdjustFlipY,
052D92,Animate_RawMultiDelay,
052D96,Animate_RawNoSSTMultiDelay,
052E04,Animate_RawMultiDelayFlipX,
052E08,Animate_RawNoSSTMultiDelayFlipX,
052E40,Animate_RawMultiDelayFlipY,
052E7E,Animate_RawGetFaster,
052EFE,Animate_RawGetSlower,
052F64,Swing_UpAndDown,
052FA8,Swing_LeftAndRight,
052FEC,Swing_UpAndDown_Count,
053008,Obj_Wait,
053016,ObjHitFloor_DoRoutine,
05302E,ObjHitFloor2_DoRoutine,
05305A,ObjHitWall_DoRoutine,
053070,ObjHitWall2_DoRoutine,
053086,Draw_And_Touch_Sprite,
053092,Child_Draw_Sprite,
0530A8,Child_DrawTouch_Sprite,
0530C4,Child_Remember_Draw_Sprite,
0530DE,Child_Draw_Sprite2,
0530F4,Child_DrawTouch_Sprite2,
053118,Child_Draw_Sprite_FlickerMove,
053144,Child_Draw_Sprite2_FlickerMove,
053156,Child_DrawTouch_Sprite_FlickerMove,
05316E,Child_DrawTouch_Sprite2_FlickerMove,
05319A,Obj_IncLevEndXGradual,
0531C8,Obj_DecLevStartXGradual,
0531F6,Obj_DecLevStartYGradual,
053224,Obj_IncLevEndYGradual,
05326A,Find_SonicTails,
0532AE,Change_FlipX,
0532C0,Change_FlipXWithVelocity,
0532D4,Change_FlipXUseParent,
0532EE,Find_OtherObject,
053312,MoveSprite_LightGravity,
053332,MoveSprite_CircularSimple,
05335A,MoveSprite_CircularSimpleOffset,
053392,MoveSprite_AtAngleLookup,
0533D6,AtAngle_00_3F,
0533E4,AtAngle_40_7F,
0533F4,AtAngle_80_BF,
053406,AtAngle_C0_FF,
053416,MoveSprite_CircularLookup,
05347A,MoveSprite_AngleYLookup,
0534D8,MoveSprite_AngleXLookupOffset,
0535EE,MoveDraw_SpriteTimed,
053602,MoveDraw_SpriteTimed2,
053614,TimedSprite_ScreenLock,
053626,BossFlash,
053638,SetUp_ObjAttributesSlotted,
0536B6,Perform_DPLC,
053704,Sprite_CheckDelete,
053736,Sprite_CheckDelete2,
05377C,Sprite_CheckDeleteXY,
0537AA,Obj_FlickerMove,
0537E8,Sprite_CheckDeleteTouch,
053808,Sprite_CheckDeleteTouch2,
053842,Sprite_CheckDeleteTouchXY,
053876,Sprite_CheckDeleteSlotted,
05388E,Go_Delete_SpriteSlotted,
05389A,Go_Delete_SpriteSlotted2,
0538A6,Remove_From_TrackingSlot,
0538CA,Sprite_CheckDeleteTouchSlotted,
0538EE,Go_Delete_SpriteSlotted3,
0539DE,Go_Delete_Sprite,
0539EC,Go_Delete_Sprite_2,
0539FA,Set_IndexedVelocity,
053A7A,Find_SonicTails8Way,
053B04,Set_VelocityXTrackSonic,
053B24,Chase_Object,
053B7C,Chase_ObjectXOnly,
053BA8,Chase_ObjectYOnly,
053C3C,Obj_FadeSelectedFromBlack,
053C7C,IncColor_Obj,
053CB0,MoveFall_AnimateRaw,
053CBA,Move_AnimateRaw,
053CC4,MoveSlowFall_AnimateRaw,
053CD0,Move_AnimateRaw_Wait,
053CDE,Refresh_ChildPosWait,
053CE2,Wait_Draw,
053CEC,MoveWaitTouch,
053CFE,AnimateRaw_DrawTouch,
053D06,AnimateRaw_MoveChkDel,
053D0A,MoveChkDel,
053D18,MoveTouchChkDel,
053D22,Move_WaitNoFall,
053D2C,Swing_MoveWaitNoFall,
053D6C,EnemyDefeat_Score,
053DF0,Check_LRControllerShake,
053E28,Check_PlayerCollision,
053E58,Check_PlayerInRange,
053EA0,PalLoad_Line1,
053EAE,Displace_PlayerOffObject,
053EEA,Run_PalRotationScript,
053F84,Child_GetPriority,
053FA4,Child_GetPriorityOnce,
053FBA,CopyWordData_7,
053FBE,CopyWordData_6,
053FC2,CopyWordData_5,
053FC6,CopyWordData_4,
053FCA,CopyWordData_3,
053FCE,CopyWordData_2,
053FD8,Obj_WaitOffscreen,
054034,Obj_Song_Fade_ToLevelMusic,
05405A,Obj_Song_Fade_Transition,
054086,Restore_LevelMusic,
0540B8,Restore_PlayerControl,
0540BC,Restore_PlayerControl2,
0540D6,Obj_EndSignControl,
054112,Obj_EndSignControlWait,
05411C,Obj_EndSignControlDoSign,
054146,Obj_EndSignControlAwaitStart,
054160,Obj_EndSignControlDoStart,
05417C,Check_CameraInRange,
054242,Change_Act2Sizes,
054272,Make_LevelSizeObj,
05428E,StartNewLevel,
0542A6,Play_SFX_Continuous,
0543BA,BossDefeated_StopTimer,
0543BE,BossDefeated,
0543D4,Player_Load_PLC,
0543F4,PLCLoad_AnimalsAndExplosion,
054484,AddRings,
0544E0,Obj_EggCapsule,
054888,Check_TailsEndPose,
05491C,Set_PlayerEndingPose,
054B66,Obj_Bloominator,
054C52,Obj_Rhinobot,
054F52,Obj_MonkeyDude,
0554C6,Obj_CaterKillerJr,
0556AE,Obj_Jawz,
055726,Obj_Blastoid,
05580A,Obj_Buggernaut,
055810,Obj_Buggernaut_2,
0558A2,Obj_Buggernaught_Baby,
0559AA,Obj_TurboSpiker,
055D3C,Obj_MegaChopper,
056068,Obj_Poindexter,
056122,Obj_BubblesBadnik,
056246,Obj_Tunnelbot,
056354,Obj_MGZMiniboss,
056954,Obj_Spiker,
056C1E,Obj_Mantis,
056D72,Obj_Clamer,
056F4C,Obj_Sparkle,
05712A,Obj_Batbot,
057242,Obj_Blaster,
0574B8,Obj_TechnoSqueek,
057764,Obj_ICZPathFollowPlatform,
05776A,Obj_ICZPathFollowPlatform_2,
057A92,Obj_ICZBreakableWall,
057B46,Obj_ICZIceBlock,
057C54,Obj_ICZCrushingColumn,
057E38,Obj_ICZFreezer,
058324,Obj_ICZSegmentColumn,
0584BC,Obj_ICZSwingingPlatform,
05894C,Obj_ICZStalagtite,
058A58,Obj_ICZIceSpikes,
058B24,Obj_ICZIceCube,
058C6A,Obj_ICZHarmfulIce,
058CE8,Obj_ICZSnowPile,
059032,Obj_ICZTensionPlatform,
059276,Obj_Penguinator,
0594D8,Obj_ICZSnowdust,
0595C6,Obj_StarPointer,
059746,Obj_SnaleBlaster,
059A74,Obj_Ribot,
059DB2,Obj_Orbinaut,
059EA4,Obj_Corkey,
05A0DA,Obj_Flybot767,
05A2C0,Obj_LBZ1Robotnik,
05A512,Obj_LBZMinibossBox,
05A834,Obj_LBZ2RobotnikShip,
05B520,DebugMode,
